{
  "informational_dependence": {
    "condition_1_results": {
      "1": {
        "mutual_information": {
          "state_hand_17_player_0_state": 0.011834319526627219,
          "state_hand_23_player_1_state": 0.011834319526627219,
          "state_hand_35_player_1_state": 0.023668639053254437,
          "state_hand_28_player_0_state": 0.023668639053254437,
          "state_hand_18_player_0_state": 0.011834319526627219,
          "state_hand_12_player_0_state": 0.023668639053254437,
          "state_hand_5_player_1_state": 0.011834319526627219,
          "state_hand_19_player_0_state": 0.011834319526627219,
          "state_hand_11_player_1_state": 0.011834319526627219,
          "state_hand_31_player_1_state": 0.023668639053254437,
          "state_hand_34_player_0_state": 0.011834319526627219,
          "state_hand_4_player_0_state": 0.011834319526627219,
          "state_hand_10_player_1_state": 0.023668639053254437,
          "state_hand_14_player_0_state": 0.023668639053254437,
          "state_hand_3_player_1_state": 0.011834319526627219,
          "state_hand_8_player_0_state": 0.023668639053254437,
          "state_hand_35_player_0_state": 0.029585798816568046,
          "state_hand_1_player_1_state": 0.011834319526627219,
          "state_hand_9_player_1_state": 0.023668639053254437,
          "state_hand_31_player_0_state": 0.029585798816568046,
          "state_hand_21_player_1_state": 0.011834319526627219,
          "state_hand_25_player_0_state": 0.023668639053254437,
          "state_hand_12_player_1_state": 0.023668639053254437,
          "state_hand_28_player_1_state": 0.023668639053254437,
          "state_hand_6_player_0_state": 0.011834319526627219,
          "state_hand_9_player_0_state": 0.011834319526627219,
          "state_hand_22_player_0_state": 0.011834319526627219,
          "state_hand_8_player_1_state": 0.023668639053254437,
          "state_hand_29_player_1_state": 0.023668639053254437,
          "state_hand_2_player_0_state": 0.011834319526627219,
          "state_hand_13_player_1_state": 0.011834319526627219,
          "state_hand_29_player_0_state": 0.029585798816568046,
          "state_hand_25_player_1_state": 0.023668639053254437,
          "state_hand_17_player_1_state": 0.023668639053254437,
          "state_hand_10_player_0_state": 0.023668639053254437
        },
        "significant": {
          "state_hand_17_player_0_state": true,
          "state_hand_23_player_1_state": true,
          "state_hand_35_player_1_state": true,
          "state_hand_28_player_0_state": true,
          "state_hand_18_player_0_state": true,
          "state_hand_12_player_0_state": true,
          "state_hand_5_player_1_state": true,
          "state_hand_19_player_0_state": true,
          "state_hand_11_player_1_state": true,
          "state_hand_31_player_1_state": true,
          "state_hand_34_player_0_state": true,
          "state_hand_4_player_0_state": true,
          "state_hand_10_player_1_state": true,
          "state_hand_14_player_0_state": true,
          "state_hand_3_player_1_state": true,
          "state_hand_8_player_0_state": true,
          "state_hand_35_player_0_state": true,
          "state_hand_1_player_1_state": true,
          "state_hand_9_player_1_state": true,
          "state_hand_31_player_0_state": true,
          "state_hand_21_player_1_state": true,
          "state_hand_25_player_0_state": true,
          "state_hand_12_player_1_state": true,
          "state_hand_28_player_1_state": true,
          "state_hand_6_player_0_state": true,
          "state_hand_9_player_0_state": true,
          "state_hand_22_player_0_state": true,
          "state_hand_8_player_1_state": true,
          "state_hand_29_player_1_state": true,
          "state_hand_2_player_0_state": true,
          "state_hand_13_player_1_state": true,
          "state_hand_29_player_0_state": true,
          "state_hand_25_player_1_state": true,
          "state_hand_17_player_1_state": true,
          "state_hand_10_player_0_state": true
        },
        "exceeds_threshold": true
      },
      "2": {
        "mutual_information": {
          "state_hand_32_player_0_state": 0.033112582781456956,
          "state_hand_12_player_0_state": 0.033112582781456956,
          "state_hand_23_player_0_state": 0.013245033112582781,
          "state_hand_5_player_0_state": 0.019867549668874173,
          "state_hand_1_player_0_state": 0.026490066225165563,
          "state_hand_1_player_1_state": 0.026490066225165563,
          "state_hand_3_player_0_state": 0.013245033112582781,
          "state_hand_25_player_0_state": 0.026490066225165563,
          "state_hand_40_player_1_state": 0.013245033112582781,
          "state_hand_15_player_0_state": 0.019867549668874173,
          "state_hand_12_player_1_state": 0.026490066225165563,
          "state_hand_28_player_1_state": 0.013245033112582781,
          "state_hand_45_player_0_state": 0.013245033112582781,
          "state_hand_9_player_0_state": 0.019867549668874173,
          "state_hand_32_player_1_state": 0.026490066225165563,
          "state_hand_2_player_1_state": 0.026490066225165563,
          "state_hand_4_player_1_state": 0.013245033112582781,
          "state_hand_14_player_1_state": 0.013245033112582781,
          "state_hand_13_player_0_state": 0.013245033112582781,
          "state_hand_8_player_1_state": 0.026490066225165563,
          "state_hand_11_player_0_state": 0.013245033112582781,
          "state_hand_29_player_1_state": 0.033112582781456956,
          "state_hand_2_player_0_state": 0.013245033112582781,
          "state_hand_29_player_0_state": 0.026490066225165563,
          "state_hand_7_player_0_state": 0.026490066225165563,
          "state_hand_25_player_1_state": 0.033112582781456956,
          "state_hand_6_player_1_state": 0.026490066225165563,
          "state_hand_47_player_0_state": 0.013245033112582781
        },
        "significant": {
          "state_hand_32_player_0_state": true,
          "state_hand_12_player_0_state": true,
          "state_hand_23_player_0_state": true,
          "state_hand_5_player_0_state": true,
          "state_hand_1_player_0_state": true,
          "state_hand_1_player_1_state": true,
          "state_hand_3_player_0_state": true,
          "state_hand_25_player_0_state": true,
          "state_hand_40_player_1_state": true,
          "state_hand_15_player_0_state": true,
          "state_hand_12_player_1_state": true,
          "state_hand_28_player_1_state": true,
          "state_hand_45_player_0_state": true,
          "state_hand_9_player_0_state": true,
          "state_hand_32_player_1_state": true,
          "state_hand_2_player_1_state": true,
          "state_hand_4_player_1_state": true,
          "state_hand_14_player_1_state": true,
          "state_hand_13_player_0_state": true,
          "state_hand_8_player_1_state": true,
          "state_hand_11_player_0_state": true,
          "state_hand_29_player_1_state": true,
          "state_hand_2_player_0_state": true,
          "state_hand_29_player_0_state": true,
          "state_hand_7_player_0_state": true,
          "state_hand_25_player_1_state": true,
          "state_hand_6_player_1_state": true,
          "state_hand_47_player_0_state": true
        },
        "exceeds_threshold": true
      },
      "3": {
        "mutual_information": {
          "state_hand_7_player_1_state": 0.027972027972027972,
          "state_hand_18_player_0_state": 0.02097902097902098,
          "state_hand_19_player_0_state": 0.03496503496503497,
          "state_hand_11_player_1_state": 0.027972027972027972,
          "state_hand_4_player_0_state": 0.027972027972027972,
          "state_hand_14_player_0_state": 0.013986013986013986,
          "state_hand_3_player_1_state": 0.013986013986013986,
          "state_hand_45_player_1_state": 0.027972027972027972,
          "state_hand_1_player_1_state": 0.027972027972027972,