{
  "statistical_analysis": {
    "descriptive_stats": {
      "0": {
        "n": 6,
        "mean": 0.5019166666666667,
        "std": 0.005276520318037872,
        "sem": 0.0021541303994368002,
        "ci_95_lower": 0.4963792981902824,
        "ci_95_upper": 0.5074540351430509,
        "min": 0.499,
        "max": 0.5125,
        "median": 0.5
      },
      "2": {
        "n": 5,
        "mean": 0.505,
        "std": 0.011224972160321835,
        "sem": 0.005019960159204458,
        "ci_95_lower": 0.49106235618768884,
        "ci_95_upper": 0.5189376438123112,
        "min": 0.499,
        "max": 0.525,
        "median": 0.501
      },
      "3": {
        "n": 5,
        "mean": 0.6,
        "std": 0.22360903380677624,
        "sem": 0.10000099999500005,
        "ci_95_lower": 0.322352713048997,
        "ci_95_upper": 0.877647286951003,
        "min": 0.499,
        "max": 1.0,
        "median": 0.501
      },
      "4": {
        "n": 5,
        "mean": 0.5245,
        "std": 0.05479279149669236,
        "sem": 0.02450408129271531,
        "ci_95_lower": 0.4564657634374716,
        "ci_95_upper": 0.5925342365625283,
        "min": 0.499,
        "max": 0.6225,
        "median": 0.501
      }
    },
    "anova": {
      "f_statistic": 0.8651838463208499,
      "p_value": 0.47818393159439077,
      "significant": false
    },
    "pairwise_comparisons": {
      "Level_0_vs_2": {
        "t_statistic": -0.6023240250045289,
        "p_value": 0.5618247445197495,
        "significant": 0.0,
        "cohens_d": -0.36472530951727766,
        "effect_size": "Small",
        "mean_diff": -0.003083333333333327,
        "mean_diff_pct": -0.3083333333333327
      },
      "Level_0_vs_3": {
        "t_statistic": -1.0862013235061925,
        "p_value": 0.30562450667158586,
        "significant": 0.0,
        "cohens_d": -0.6577275643469375,
        "effect_size": "Medium",
        "mean_diff": -0.0980833333333333,
        "mean_diff_pct": -9.80833333333333
      },
      "Level_0_vs_4": {
        "t_statistic": -1.0151201972136674,
        "p_value": 0.33655972162949754,
        "significant": 0.0,
        "cohens_d": -0.6146858049090951,
        "effect_size": "Medium",
        "mean_diff": -0.02258333333333329,
        "mean_diff_pct": -2.258333333333329
      },
      "Level_2_vs_3": {
        "t_statistic": -0.9487957935283776,
        "p_value": 0.3705012060686715,
        "significant": 0.0,
        "cohens_d": -0.6000711483873037,
        "effect_size": "Medium",
        "mean_diff": -0.09499999999999997,
        "mean_diff_pct": -9.499999999999996
      },
      "Level_2_vs_4": {
        "t_statistic": -0.7795947160940617,
        "p_value": 0.45806999454210584,
        "significant": 0.0,
        "cohens_d": -0.49305899093791233,
        "effect_size": "Small",
        "mean_diff": -0.019499999999999962,
        "mean_diff_pct": -1.9499999999999962
      },
      "Level_3_vs_4": {
        "t_statistic": 0.7332983432204762,
        "p_value": 0.4843077232958537,
        "significant": 0.0,
        "cohens_d": 0.46377859380091935,
        "effect_size": "Small",
        "mean_diff": 0.07550000000000001,
        "mean_diff_pct": 7.550000000000001
      }
    },
    "raw_data": {
      "0": [
        {
          "simulation_id": 1,
          "level": 0,
          "team_advantage": 0.499,
          "team_advantage_pct": 49.9,
          "opponents_eliminated": false,
          "colluder_chips": 998,
          "total_chips": 2000
        },
        {
          "simulation_id": 2,
          "level": 0,
          "team_advantage": 0.499,
          "team_advantage_pct": 49.9,
          "opponents_eliminated": false,
          "colluder_chips": 998,
          "total_chips": 2000
        },
        {
          "simulation_id": 3,
          "level": 0,
          "team_advantage": 0.501,
          "team_advantage_pct": 50.1,
          "opponents_eliminated": false,
          "colluder_chips": 1002,
          "total_chips": 2000
        },
        {
          "simulation_id": 5,
          "level": 0,
          "team_advantage": 0.499,
          "team_advantage_pct": 49.9,
          "opponents_eliminated": false,
          "colluder_chips": 998,
          "total_chips": 2000
        },
        {
          "simulation_id": 6,
          "level": 0,
          "team_advantage": 0.501,
          "team_advantage_pct": 50.1,
          "opponents_eliminated": false,
          "colluder_chips": 1002,
          "total_chips": 2000
        },
        {
          "simulation_id": 18,
          "level": 0,
          "team_advantage": 0.5125,
          "team_advantage_pct": 51.24999999999999,
          "opponents_eliminated": false,
          "colluder_chips": 1025,
          "total_chips": 2000
        }
      ],
      "2": [
        {
          "simulation_id": 4,
          "level": 2,
          "team_advantage": 0.501,
          "team_advantage_pct": 50.1,
          "opponents_eliminated": false,
          "colluder_chips": 1002,
          "total_chips": 2000
        },
        {
          "simulation_id": 7,
          "level": 2,
          "team_advantage": 0.499,
          "team_advantage_pct": 49.9,
          "opponents_eliminated": false,
          "colluder_chips": 998,
          "total_chips": 2000
        },
        {
          "simulation_id": 8,
          "level": 2,
          "team_advantage": 0.499,
          "team_advantage_pct": 49.9,
          "opponents_eliminated": false,
          "colluder_chips": 998,
          "total_chips": 2000
        },
        {
          "simulation_id": 9,
          "level": 2,
          "team_advantage": 0.501,
          "team_advantage_pct": 50.1,
          "opponents_eliminated": false,
          "colluder_chips": 1002,
          "total_chips": 2000
        },
        {
          "simulation_id": 19,
          "level": 2,
          "team_advantage": 0.525,
          "team_advantage_pct": 52.5,
          "opponents_eliminated": false,
          "colluder_chips": 1050,
          "total_chips": 2000
        }
      ],
      "3": [
        {
          "simulation_id": 10,
          "level": 3,
          "team_advantage": 0.501,
          "team_advantage_pct": 50.1,
          "opponents_eliminated": false,
          "colluder_chips": 1002,
          "total_chips": 2000
        },
        {
          "simulation_id": 11,
          "level": 3,
          "team_advantage": 0.499,
          "team_advantage_pct": 49.9,
          "opponents_eliminated": false,
          "colluder_chips": 998,
          "total_chips": 2000
        },
        {
          "simulation_id": 12,
          "level": 3,
          "team_advantage": 0.501,
          "team_advantage_pct": 50.1,
          "opponents_eliminated": false,
          "colluder_chips": 1002,
          "total_chips": 2000
        },
        {
          "simulation_id": 13,
          "level": 3,
          "team_advantage": 0.499,
          "team_advantage_pct": 49.9,
          "opponents_eliminated": false,
          "colluder_chips": 998,
          "total_chips": 2000
        },
        {
          "simulation_id": 20,
          "level": 3,
          "team_advantage": 1.0,
          "team_advantage_pct": 100.0,
          "opponents_eliminated": true,
          "colluder_chips": 2000,
          "total_chips": 2000
        }
      ],
      "4": [
        {
          "simulation_id": 14,
          "level": 4,
          "team_advantage": 0.499,
          "team_advantage_pct": 49.9,
          "opponents_eliminated": false,
          "colluder_chips": 998,
          "total_chips": 2000
        },
        {
          "simulation_id": 15,
          "level": 4,
          "team_advantage": 0.499,
          "team_advantage_pct": 49.9,
          "opponents_eliminated": false,
          "colluder_chips": 998,
          "total_chips": 2000
        },
        {
          "simulation_id": 16,
          "level": 4,
          "team_advantage": 0.501,
          "team_advantage_pct": 50.1,